Car_Number,Type_of_report,Report_Location
EC905571,Camera,Ajmal Khan Road 
SA177322,Camera,Najaf Khan Road 
VG229539,Camera,Akbar Road 
SL423230,Manual_Report,Najaf Khan Road 
ST642210,Camera,Akbar Road 
ID154233,Manual_Report,Dr APJ Abdul Kalam Road 
MA307873,Manual_Report,Ajmal Khan Road 
AS974818,Manual_Report,Jai Singh Marg 
ZW933252,Manual_Report,Connaught Lane 
CM403107,Camera,Akbar Road 
GS724019,Manual_Report,Connaught Lane 
JO376884,Camera,Akbar Road 
VG201260,Manual_Report,Netaji Subhash Marg 
DJ597493,Camera,Najaf Khan Road 
ST642210,Manual_Report,Dr APJ Abdul Kalam Road 
TV634065,Manual_Report,Akbar Road 
FK837823,Camera,Ajmal Khan Road 
GF473965,Manual_Report,Ajmal Khan Road 
SB763210,Camera,Jai Singh Marg 
KZ616300,Camera,Connaught Lane 
ID465966,Camera,Akbar Road 
GE981637,Camera,Dr APJ Abdul Kalam Road 
HR936158,Camera,Dr APJ Abdul Kalam Road 
LK415492,Manual_Report,Ajmal Khan Road 
CF862743,Camera,Dr APJ Abdul Kalam Road 
MA929957,Camera,Dr APJ Abdul Kalam Road 
SJ245127,Camera,Najaf Khan Road 
GM579071,Camera,Jai Singh Marg 
KZ616300,Manual_Report,Akbar Road 
NC881625,Camera,Dr APJ Abdul Kalam Road 
HM825734,Camera,Jai Singh Marg 
SN797522,Camera,Jai Singh Marg 
BW434358,Manual_Report,Ajmal Khan Road 
MQ937797,Camera,Connaught Lane 
CU531149,Manual_Report,Akbar Road 
SV705666,Camera,Connaught Lane 
BG527788,Manual_Report,Najaf Khan Road 
GS724019,Manual_Report,Dr APJ Abdul Kalam Road 
FJ906817,Camera,Ajmal Khan Road 
GH836909,Camera,Connaught Lane 
MA307873,Manual_Report,Jai Singh Marg 
GI197831,Manual_Report,Netaji Subhash Marg 
BY776147,Manual_Report,Najaf Khan Road 
NP551373,Manual_Report,Najaf Khan Road 
LB884650,Camera,Ajmal Khan Road 
MM674811,Manual_Report,Connaught Lane 
ML193356,Manual_Report,Jai Singh Marg 
TL972584,Camera,Jai Singh Marg 
VI191752,Camera,Ajmal Khan Road 
MM146501,Camera,Ajmal Khan Road 
SO423151,Manual_Report,Ajmal Khan Road 
FJ723821,Camera,Ajmal Khan Road 
AW549996,Camera,Netaji Subhash Marg 
MP446334,Manual_Report,Netaji Subhash Marg 
NA793561,Manual_Report,Connaught Lane 
BI292773,Camera,Akbar Road 
MS377612,Camera,Connaught Lane 
GY238480,Manual_Report,Jai Singh Marg 
LA682314,Manual_Report,Jai Singh Marg 
DJ597493,Camera,Najaf Khan Road 
NZ204524,Manual_Report,Dr APJ Abdul Kalam Road 
VE190965,Camera,Dr APJ Abdul Kalam Road 
UZ199272,Camera,Ajmal Khan Road 
CD941401,Manual_Report,Akbar Road 
TD959735,Manual_Report,Akbar Road 
ES620711,Camera,Ajmal Khan Road 
GL788860,Manual_Report,Connaught Lane 
CI315454,Camera,Dr APJ Abdul Kalam Road 
AZ959481,Camera,Netaji Subhash Marg 
PN138611,Camera,Najaf Khan Road 
SA635389,Camera,Najaf Khan Road 
ZA340248,Manual_Report,Akbar Road 
GN153359,Camera,Dr APJ Abdul Kalam Road 
AN337354,Manual_Report,Ajmal Khan Road 
NG902657,Camera,Ajmal Khan Road 
IS278161,Camera,Ajmal Khan Road 
CU618702,Camera,Akbar Road 
SK241967,Manual_Report,Dr APJ Abdul Kalam Road 
DK476453,Manual_Report,Ajmal Khan Road 
PN261369,Manual_Report,Najaf Khan Road 
IO632564,Manual_Report,Najaf Khan Road 
PY139679,Manual_Report,Jai Singh Marg 
JO649959,Camera,Ajmal Khan Road 
AO938117,Camera,Ajmal Khan Road 
VN255987,Camera,Najaf Khan Road 
PW671466,Camera,Dr APJ Abdul Kalam Road 
IQ667253,Camera,Akbar Road 
SZ129136,Camera,Jai Singh Marg 
TK664393,Manual_Report,Ajmal Khan Road 
SJ654453,Camera,Connaught Lane 
TC816668,Manual_Report,Jai Singh Marg 
GW478937,Manual_Report,Najaf Khan Road 
SN303364,Manual_Report,Dr APJ Abdul Kalam Road 
BG730815,Camera,Ajmal Khan Road 
AW837434,Manual_Report,Connaught Lane 
BG326064,Manual_Report,Akbar Road 
TN781970,Camera,Netaji Subhash Marg 
NC370762,Manual_Report,Netaji Subhash Marg 
LT425835,Manual_Report,Ajmal Khan Road 
KE776416,Camera,Connaught Lane 
JP134704,Manual_Report,Najaf Khan Road 
ML517043,Manual_Report,Dr APJ Abdul Kalam Road 
GA847497,Camera,Ajmal Khan Road 
NE594842,Camera,Ajmal Khan Road 
BS447988,Camera,Dr APJ Abdul Kalam Road 
BI673331,Camera,Akbar Road 
GA988446,Camera,Ajmal Khan Road 
DK149607,Camera,Dr APJ Abdul Kalam Road 
DE869165,Manual_Report,Ajmal Khan Road 
MY188383,Camera,Akbar Road 
GN153359,Manual_Report,Connaught Lane 
JE197829,Manual_Report,Dr APJ Abdul Kalam Road 
SJ644021,Manual_Report,Akbar Road 
BS445854,Manual_Report,Netaji Subhash Marg 
MY488076,Manual_Report,Akbar Road 
UG330691,Camera,Connaught Lane 
BZ132173,Camera,Dr APJ Abdul Kalam Road 
AW813234,Manual_Report,Ajmal Khan Road 
NC881625,Manual_Report,Akbar Road 
AQ704895,Camera,Akbar Road 
UZ706245,Manual_Report,Jai Singh Marg 
ML920537,Manual_Report,Najaf Khan Road 
TN859252,Camera,Connaught Lane 
BM522743,Camera,Dr APJ Abdul Kalam Road 
JP527379,Manual_Report,Ajmal Khan Road 
VN143238,Manual_Report,Najaf Khan Road 
BO657875,Manual_Report,Dr APJ Abdul Kalam Road 
MD139727,Camera,Ajmal Khan Road 
SO423151,Camera,Jai Singh Marg 
GN426628,Camera,Jai Singh Marg 
UG164984,Camera,Netaji Subhash Marg 
NA669957,Manual_Report,Akbar Road 
GL490513,Manual_Report,Dr APJ Abdul Kalam Road 
BF177581,Camera,Ajmal Khan Road 
PK590317,Camera,Jai Singh Marg 
TT721527,Manual_Report,Ajmal Khan Road 
AS644266,Manual_Report,Netaji Subhash Marg 
TL823733,Camera,Najaf Khan Road 
JP925237,Manual_Report,Ajmal Khan Road 
PL675680,Manual_Report,Akbar Road 
SR911377,Camera,Najaf Khan Road 
LI206650,Camera,Akbar Road 
SG488357,Camera,Ajmal Khan Road 
JO376884,Camera,Najaf Khan Road 
TO613960,Manual_Report,Najaf Khan Road 
SJ654453,Camera,Dr APJ Abdul Kalam Road 
PY139679,Camera,Dr APJ Abdul Kalam Road 
JO917103,Manual_Report,Connaught Lane 
MP617001,Camera,Connaught Lane 
TF126458,Camera,Netaji Subhash Marg 
MR243238,Manual_Report,Dr APJ Abdul Kalam Road 
TL859238,Camera,Dr APJ Abdul Kalam Road 
ZA406083,Camera,Jai Singh Marg 
SM221433,Camera,Netaji Subhash Marg 
LK782416,Camera,Ajmal Khan Road 
LV641434,Camera,Netaji Subhash Marg 
FM503077,Manual_Report,Najaf Khan Road 
SV435968,Camera,Netaji Subhash Marg 
AU718909,Camera,Ajmal Khan Road 
SY800054,Camera,Dr APJ Abdul Kalam Road 
ST572208,Camera,Ajmal Khan Road 
DZ481199,Camera,Ajmal Khan Road 
VI931068,Manual_Report,Najaf Khan Road 
IN131606,Manual_Report,Najaf Khan Road 
TT846129,Manual_Report,Netaji Subhash Marg 
TH784945,Camera,Akbar Road 
BT332001,Camera,Dr APJ Abdul Kalam Road 
ZW916245,Camera,Ajmal Khan Road 
SK359232,Camera,Jai Singh Marg 
BT355128,Manual_Report,Dr APJ Abdul Kalam Road 
CA662238,Manual_Report,Najaf Khan Road 
BT332001,Manual_Report,Najaf Khan Road 
VI240736,Camera,Akbar Road 
AM548881,Manual_Report,Ajmal Khan Road 
GW198809,Manual_Report,Dr APJ Abdul Kalam Road 
NZ370569,Manual_Report,Dr APJ Abdul Kalam Road 
MY188383,Manual_Report,Dr APJ Abdul Kalam Road 
CL960095,Camera,Connaught Lane 
DE869165,Camera,Najaf Khan Road 
AM180110,Camera,Najaf Khan Road 
NC547636,Manual_Report,Netaji Subhash Marg 
SR911377,Manual_Report,Connaught Lane 
SH434353,Camera,Ajmal Khan Road 
BT237159,Manual_Report,Netaji Subhash Marg 
CK875160,Camera,Jai Singh Marg 
AW549996,Manual_Report,Ajmal Khan Road 
CA456448,Camera,Netaji Subhash Marg 
BD876143,Manual_Report,Dr APJ Abdul Kalam Road 
CF572574,Manual_Report,Dr APJ Abdul Kalam Road 
BR385878,Camera,Ajmal Khan Road 
TJ442502,Manual_Report,Ajmal Khan Road 
PR342324,Manual_Report,Akbar Road 
HR713499,Manual_Report,Akbar Road 
GQ684113,Manual_Report,Jai Singh Marg 
DK712412,Camera,Najaf Khan Road 
MW722903,Manual_Report,Najaf Khan Road 
PY797167,Manual_Report,Netaji Subhash Marg 
NR989360,Camera,Ajmal Khan Road 
UG330691,Camera,Najaf Khan Road 
MD226009,Camera,Ajmal Khan Road 
LC658569,Manual_Report,Dr APJ Abdul Kalam Road 
JM452056,Manual_Report,Netaji Subhash Marg 
LU799054,Manual_Report,Ajmal Khan Road 
SL423230,Camera,Connaught Lane 
CK662249,Manual_Report,Ajmal Khan Road 
GF473965,Manual_Report,Akbar Road 
AI747655,Camera,Najaf Khan Road 
TT707401,Camera,Akbar Road 
TD143811,Manual_Report,Netaji Subhash Marg 
GG898647,Camera,Netaji Subhash Marg 
ER774284,Camera,Akbar Road 
FJ501627,Manual_Report,Connaught Lane 
GM579071,Manual_Report,Ajmal Khan Road 
TH638140,Manual_Report,Akbar Road 
GH435213,Manual_Report,Connaught Lane 
UY472693,Camera,Dr APJ Abdul Kalam Road 
NE189707,Camera,Akbar Road 
BS445854,Camera,Dr APJ Abdul Kalam Road 
TT394988,Manual_Report,Akbar Road 
KY294060,Manual_Report,Dr APJ Abdul Kalam Road 
TG487359,Manual_Report,Ajmal Khan Road 
IM208376,Manual_Report,Ajmal Khan Road 
JM662765,Camera,Najaf Khan Road 
TV701749,Manual_Report,Jai Singh Marg 
CH234978,Camera,Netaji Subhash Marg 
NZ663373,Camera,Najaf Khan Road 
PN261369,Camera,Akbar Road 
HU576208,Manual_Report,Ajmal Khan Road 
CU907326,Manual_Report,Ajmal Khan Road 
SH994011,Camera,Netaji Subhash Marg 
PH938862,Manual_Report,Najaf Khan Road 
BG332577,Manual_Report,Akbar Road 
RE298467,Manual_Report,Akbar Road 
IN781410,Manual_Report,Ajmal Khan Road 
KG185051,Manual_Report,Akbar Road 
MQ628789,Manual_Report,Ajmal Khan Road 
PF885770,Camera,Najaf Khan Road 
HN919225,Manual_Report,Najaf Khan Road 
UG543210,Camera,Connaught Lane 
VG201260,Manual_Report,Najaf Khan Road 
BM736048,Manual_Report,Jai Singh Marg 
GY380902,Camera,Ajmal Khan Road 
CZ141680,Manual_Report,Dr APJ Abdul Kalam Road 
DE869165,Camera,Akbar Road 
CG470486,Manual_Report,Jai Singh Marg 
LK234940,Camera,Jai Singh Marg 
KE776416,Camera,Ajmal Khan Road 
TK212613,Camera,Ajmal Khan Road 
SB129335,Camera,Connaught Lane 
GG604655,Camera,Najaf Khan Road 
CA456448,Manual_Report,Netaji Subhash Marg 
MV894676,Camera,Ajmal Khan Road 
FM665494,Camera,Dr APJ Abdul Kalam Road 
MD705364,Camera,Najaf Khan Road 
GD623133,Manual_Report,Ajmal Khan Road 
PK547890,Manual_Report,Ajmal Khan Road 
MG702219,Manual_Report,Akbar Road 
LV623019,Manual_Report,Connaught Lane 
JO929537,Manual_Report,Connaught Lane 
CA101839,Camera,Najaf Khan Road 
LC761792,Manual_Report,Dr APJ Abdul Kalam Road 
TK664393,Camera,Connaught Lane 
LK415492,Camera,Ajmal Khan Road 
HM825734,Manual_Report,Ajmal Khan Road 
FO614599,Camera,Najaf Khan Road 
TH784945,Camera,Dr APJ Abdul Kalam Road 
PK455613,Camera,Connaught Lane 
GT968816,Manual_Report,Najaf Khan Road 
MC122263,Manual_Report,Akbar Road 
BV912746,Manual_Report,Jai Singh Marg 
CN377668,Camera,Netaji Subhash Marg 
GF794906,Manual_Report,Netaji Subhash Marg 
HU647565,Camera,Connaught Lane 
CS352078,Manual_Report,Connaught Lane 
DZ920676,Camera,Netaji Subhash Marg 
RE476064,Camera,Connaught Lane 
NU157281,Manual_Report,Netaji Subhash Marg 
GU122115,Manual_Report,Connaught Lane 
TG487359,Manual_Report,Ajmal Khan Road 
LU917464,Manual_Report,Najaf Khan Road 
BG940184,Camera,Connaught Lane 
GU436505,Camera,Dr APJ Abdul Kalam Road 
ER528929,Manual_Report,Ajmal Khan Road 
BN152174,Manual_Report,Akbar Road 
PK345953,Manual_Report,Netaji Subhash Marg 
TZ798672,Camera,Netaji Subhash Marg 
GR238727,Camera,Jai Singh Marg 
PW437193,Manual_Report,Jai Singh Marg 
IO632564,Camera,Connaught Lane 
QA253144,Manual_Report,Ajmal Khan Road 
KN996101,Camera,Akbar Road 
NC881625,Camera,Ajmal Khan Road 
GE627598,Manual_Report,Jai Singh Marg 
NP725959,Manual_Report,Dr APJ Abdul Kalam Road 
JO890072,Camera,Najaf Khan Road 
BZ923584,Camera,Connaught Lane 
GT983241,Camera,Dr APJ Abdul Kalam Road 
FR773702,Manual_Report,Ajmal Khan Road 
ZA406083,Camera,Netaji Subhash Marg 
MV894676,Camera,Najaf Khan Road 
PK547890,Camera,Dr APJ Abdul Kalam Road 
GP976102,Camera,Connaught Lane 
SH434353,Camera,Ajmal Khan Road 
VN336080,Camera,Netaji Subhash Marg 
AX460370,Manual_Report,Najaf Khan Road 
EE467000,Manual_Report,Ajmal Khan Road 
LU917464,Manual_Report,Najaf Khan Road 
AF290199,Camera,Connaught Lane 
AT827688,Manual_Report,Najaf Khan Road 
MK635499,Camera,Jai Singh Marg 
IS498175,Camera,Netaji Subhash Marg 
PW437193,Manual_Report,Dr APJ Abdul Kalam Road 
UZ706245,Manual_Report,Ajmal Khan Road 
IN726246,Camera,Jai Singh Marg 
MA307873,Camera,Najaf Khan Road 
KE776416,Camera,Netaji Subhash Marg 
SK334101,Camera,Dr APJ Abdul Kalam Road 
TG904796,Manual_Report,Connaught Lane 
NE380847,Camera,Ajmal Khan Road 
NP643366,Manual_Report,Ajmal Khan Road 
BA310598,Manual_Report,Jai Singh Marg 
NR871230,Camera,Netaji Subhash Marg 
MV277562,Manual_Report,Netaji Subhash Marg 
MK816757,Manual_Report,Najaf Khan Road 
UG679380,Camera,Ajmal Khan Road 
BG512818,Manual_Report,Dr APJ Abdul Kalam Road 
TT721527,Manual_Report,Netaji Subhash Marg 
AI526855,Manual_Report,Netaji Subhash Marg 
MQ296048,Manual_Report,Netaji Subhash Marg 
NP143615,Camera,Ajmal Khan Road 
NI857457,Camera,Dr APJ Abdul Kalam Road 
LR446208,Camera,Najaf Khan Road 
OM565200,Manual_Report,Akbar Road 
RE417876,Camera,Ajmal Khan Road 
DM449700,Camera,Connaught Lane 
TL823733,Manual_Report,Netaji Subhash Marg 
GH878421,Camera,Netaji Subhash Marg 
BM522743,Camera,Akbar Road 
MK635499,Camera,Akbar Road 
GU122115,Manual_Report,Akbar Road 
PF900640,Camera,Jai Singh Marg 
WF665816,Manual_Report,Ajmal Khan Road 
CA662238,Manual_Report,Connaught Lane 
PF811374,Camera,Netaji Subhash Marg 
UM885273,Camera,Najaf Khan Road 
KN257627,Manual_Report,Jai Singh Marg 
BR149948,Camera,Ajmal Khan Road 
FJ723821,Manual_Report,Dr APJ Abdul Kalam Road 
KR293871,Manual_Report,Ajmal Khan Road 
NR209850,Camera,Najaf Khan Road 
TD100500,Camera,Ajmal Khan Road 
VI240736,Camera,Ajmal Khan Road 
ST642210,Camera,Ajmal Khan Road 
ST572208,Manual_Report,Najaf Khan Road 
SG260616,Camera,Netaji Subhash Marg 
GQ684113,Camera,Jai Singh Marg 
MM674811,Manual_Report,Jai Singh Marg 
TF962349,Manual_Report,Dr APJ Abdul Kalam Road 
TH784945,Manual_Report,Akbar Road 
HT857381,Camera,Ajmal Khan Road 
SB101824,Camera,Akbar Road 
MZ871383,Manual_Report,Ajmal Khan Road 
LV112808,Camera,Akbar Road 
NC615185,Manual_Report,Ajmal Khan Road 
GE987671,Camera,Jai Singh Marg 
AM180110,Camera,Najaf Khan Road 
NA291389,Camera,Jai Singh Marg 
ST662851,Camera,Dr APJ Abdul Kalam Road 
TT132344,Camera,Jai Singh Marg 
BS584228,Manual_Report,Dr APJ Abdul Kalam Road 
DZ163505,Manual_Report,Ajmal Khan Road 
NZ370569,Camera,Ajmal Khan Road 
JO917103,Manual_Report,Netaji Subhash Marg 
JP599096,Manual_Report,Netaji Subhash Marg 
CS352078,Camera,Jai Singh Marg 
KH710154,Manual_Report,Ajmal Khan Road 
HN577962,Manual_Report,Najaf Khan Road 
PG327434,Camera,Dr APJ Abdul Kalam Road 
GU145196,Manual_Report,Dr APJ Abdul Kalam Road 
BI811419,Manual_Report,Netaji Subhash Marg 
LB595661,Manual_Report,Ajmal Khan Road 
UG679380,Manual_Report,Connaught Lane 
MK635499,Manual_Report,Akbar Road 
AZ959481,Camera,Connaught Lane 
AZ520141,Manual_Report,Akbar Road 
SC465770,Manual_Report,Ajmal Khan Road 
HR936158,Camera,Najaf Khan Road 
MM116945,Camera,Akbar Road 
EC905571,Camera,Ajmal Khan Road 
GN426628,Manual_Report,Netaji Subhash Marg 
GB618085,Manual_Report,Akbar Road 
NP278231,Camera,Akbar Road 
ZM294654,Camera,Najaf Khan Road 
TF774874,Camera,Jai Singh Marg 
PN723395,Manual_Report,Connaught Lane 
TV720982,Camera,Ajmal Khan Road 
DE869165,Manual_Report,Najaf Khan Road 
KY595119,Manual_Report,Netaji Subhash Marg 
FJ906817,Manual_Report,Jai Singh Marg 
AF643846,Manual_Report,Najaf Khan Road 
BH915225,Camera,Najaf Khan Road 
GD472980,Manual_Report,Netaji Subhash Marg 
MY973521,Camera,Ajmal Khan Road 
HU576208,Manual_Report,Connaught Lane 
TH568923,Camera,Connaught Lane 
BA618338,Camera,Netaji Subhash Marg 
IO632564,Manual_Report,Najaf Khan Road 
RW437233,Camera,Akbar Road 
GR658622,Camera,Akbar Road 
JO890072,Camera,Ajmal Khan Road 
RW437233,Camera,Ajmal Khan Road 
HT969052,Manual_Report,Najaf Khan Road 
BG830346,Camera,Najaf Khan Road 
HT315341,Manual_Report,Dr APJ Abdul Kalam Road 
ER528929,Manual_Report,Connaught Lane 
RE777240,Camera,Ajmal Khan Road 
NP934335,Camera,Connaught Lane 
TG908860,Manual_Report,Ajmal Khan Road 
PA769485,Manual_Report,Ajmal Khan Road 
SM951579,Manual_Report,Dr APJ Abdul Kalam Road 
CD318581,Camera,Jai Singh Marg 
FR393664,Camera,Dr APJ Abdul Kalam Road 
BH508405,Manual_Report,Akbar Road 
NR871230,Manual_Report,Akbar Road 
FK310416,Manual_Report,Netaji Subhash Marg 
KW377943,Manual_Report,Najaf Khan Road 
MK483372,Manual_Report,Ajmal Khan Road 
GG407371,Camera,Dr APJ Abdul Kalam Road 
NP904473,Manual_Report,Dr APJ Abdul Kalam Road 
CS758835,Manual_Report,Netaji Subhash Marg 
MZ871383,Camera,Akbar Road 
UA621967,Camera,Najaf Khan Road 
BM605160,Manual_Report,Netaji Subhash Marg 
PK547890,Camera,Ajmal Khan Road 
IS278161,Camera,Jai Singh Marg 
GR238727,Manual_Report,Jai Singh Marg 
FK802667,Camera,Ajmal Khan Road 
TG908860,Camera,Najaf Khan Road 
TK664393,Camera,Netaji Subhash Marg 
AF557068,Camera,Ajmal Khan Road 
GH625919,Camera,Akbar Road 
SZ624792,Camera,Najaf Khan Road 
CK875160,Manual_Report,Ajmal Khan Road 
SK359232,Camera,Dr APJ Abdul Kalam Road 
CD941401,Manual_Report,Akbar Road 
EH800213,Camera,Ajmal Khan Road 
MT402124,Manual_Report,Ajmal Khan Road 
NR113552,Manual_Report,Netaji Subhash Marg 
AQ704895,Manual_Report,Connaught Lane 
ER936810,Manual_Report,Dr APJ Abdul Kalam Road 
MY700803,Camera,Netaji Subhash Marg 
AN511023,Manual_Report,Connaught Lane 
HN749274,Manual_Report,Dr APJ Abdul Kalam Road 
NP934335,Camera,Najaf Khan Road 
SB826577,Manual_Report,Netaji Subhash Marg 
JO649959,Manual_Report,Netaji Subhash Marg 
LA794191,Camera,Ajmal Khan Road 
FR773702,Manual_Report,Dr APJ Abdul Kalam Road 
NL932968,Camera,Netaji Subhash Marg 
HT857381,Camera,Jai Singh Marg 
UZ199272,Manual_Report,Najaf Khan Road 
LR212712,Manual_Report,Connaught Lane 
BF440480,Manual_Report,Connaught Lane 
VI931068,Manual_Report,Dr APJ Abdul Kalam Road 
CF979581,Camera,Netaji Subhash Marg 
SO444320,Manual_Report,Connaught Lane 
BJ461569,Camera,Najaf Khan Road 
TH638140,Camera,Dr APJ Abdul Kalam Road 
FJ906817,Manual_Report,Netaji Subhash Marg 
GP709974,Manual_Report,Connaught Lane 
MK247903,Manual_Report,Netaji Subhash Marg 
SD100569,Manual_Report,Ajmal Khan Road 
LA946001,Camera,Jai Singh Marg 
DZ997952,Manual_Report,Ajmal Khan Road 
BG332577,Camera,Connaught Lane 
SI100001,Manual_Report,Najaf Khan Road 
CM366608,Manual_Report,Najaf Khan Road 
TT132344,Camera,Dr APJ Abdul Kalam Road 
TH784945,Manual_Report,Akbar Road 
CM403107,Camera,Dr APJ Abdul Kalam Road 
TD501637,Manual_Report,Ajmal Khan Road 
SV267342,Camera,Jai Singh Marg 
ID604143,Camera,Ajmal Khan Road 
DZ670963,Manual_Report,Ajmal Khan Road 
KZ922513,Camera,Jai Singh Marg 
RO828825,Manual_Report,Dr APJ Abdul Kalam Road 
TJ442502,Manual_Report,Netaji Subhash Marg 
ES620711,Camera,Ajmal Khan Road 
BE472431,Camera,Connaught Lane 
LA946001,Camera,Dr APJ Abdul Kalam Road 
UG330691,Manual_Report,Jai Singh Marg 
DO732448,Manual_Report,Akbar Road 
GG223917,Camera,Jai Singh Marg 
AW112970,Camera,Dr APJ Abdul Kalam Road 
MY709824,Camera,Najaf Khan Road 
GY587681,Manual_Report,Netaji Subhash Marg 
NE310636,Manual_Report,Connaught Lane 
GG347308,Manual_Report,Connaught Lane 
GT585831,Camera,Connaught Lane 
HN768831,Manual_Report,Jai Singh Marg 
